GEFIS_EINHEIT;GEBIETS_NAME;INDIKATOR_NAME;2024;2023;2022;2021;2020;2019;2018;2017;2016;2015;2014;2013;2012;2011;2010;2009;2008;2007;2006;2005;2004;2003;2002;2001;2000;1999;1998;1997;1996;1995;1994;1993;1992;1991;1990
845200P;Adlikon, Politische Gemeinde;BFS-Nr. / SGEM;21;21;21;21;21;21;21;21;21;21;21;21;21;21;21;21;21;21;21;21;21;21;21;21;21;21;21;21;21;21;21;21;21;21;21
813400PS;Adliswil, Stadt;BFS-Nr. / SGEM;131;131;131;131;131;131;131;131;131;131;131;131;131;131;131;131;131;131;131;131;131;131;131;131;131;131;131;131;131;131;131;131;131;131;131
890400P;Aesch, Politische Gemeinde;BFS-Nr. / SGEM;241;241;241;241;241;241;241;241;241;241;241;241;241;241;241;241;241;241;241;241;241;241;241;241;241;241;241;241;241;241;241;241;241;241;241
891400PP;Aeugst a.A., Politische Gemeinde;BFS-Nr. / SGEM;1;1;1;1;;;;;;;;;;;;;;;;;;;;;;;;;;;;;;;
891400P;Aeugst a.A., Politische Gemeinde (bis 2020);BFS-Nr. / SGEM;;;;;1;1;1;1;1;1;1;1;1;1;1;1;1;1;1;1;1;1;1;1;1;1;1;1;1;1;1;1;1;1;1
891000PP;Affoltern a.A., Stadt;BFS-Nr. / SGEM;2;2;2;2;2;2;;;;;;;;;;;;;;;;;;;;;;;;;;;;;
847900PP;Altikon, Politische Gemeinde;BFS-Nr. / SGEM;211;211;211;211;211;211;211;211;211;211;211;211;211;211;211;211;211;211;211;211;211;211;211;;;;;;;;;;;;
845000P;Andelfingen, Politische Gemeinde;BFS-Nr. / SGEM;30;30;30;30;30;30;30;30;30;30;30;30;30;30;30;30;30;30;30;30;30;30;30;30;30;30;30;30;30;30;30;30;30;30;30
818400P;Bachenbülach, Politische Gemeinde;BFS-Nr. / SGEM;51;51;51;51;51;51;51;51;51;51;51;51;51;51;51;51;51;51;51;51;51;51;51;51;51;51;51;51;51;51;51;51;51;51;51
816400P;Bachs, Politische Gemeinde;BFS-Nr. / SGEM;81;81;81;81;81;81;81;81;81;81;81;81;81;81;81;81;81;81;81;81;81;81;81;81;81;81;81;81;81;81;81;81;81;81;81
834400PS;Bäretswil, Politische Gemeinde;BFS-Nr. / SGEM;111;111;111;111;111;111;111;111;111;111;111;111;111;111;111;111;111;111;111;111;111;111;;;;;;;;;;;;;
830300PS;Bassersdorf, Politische Gemeinde;BFS-Nr. / SGEM;52;52;52;52;52;52;52;52;52;52;52;52;52;52;52;52;52;52;;;;;;;;;;;;;;;;;
849401PS;Bauma, Politische Gemeinde;BFS-Nr. / SGEM;297;297;297;297;297;297;297;297;297;297;;;;;;;;;;;;;;;;;;;;;;;;;
846300P;Benken, Politische Gemeinde;BFS-Nr. / SGEM;22;22;22;22;22;22;22;22;22;22;22;22;22;22;22;22;22;22;22;22;22;22;22;22;22;22;22;22;22;22;22;22;22;22;22
841500P;Berg a.I., Politische Gemeinde;BFS-Nr. / SGEM;23;23;23;23;23;23;23;23;23;23;23;23;23;23;23;23;23;23;23;23;23;23;23;23;23;23;23;23;23;23;23;23;23;23;23
890300P;Birmensdorf, Politische Gemeinde;BFS-Nr. / SGEM;242;242;242;242;242;242;242;242;242;242;242;242;242;242;242;242;242;242;242;242;242;242;242;242;242;242;242;242;242;242;242;242;242;242;242
890600PP;Bonstetten, Politische Gemeinde;BFS-Nr. / SGEM;3;3;3;3;3;3;3;3;3;;;;;;;;;;;;;;;;;;;;;;;;;;
811300P;Boppelsen, Politische Gemeinde;BFS-Nr. / SGEM;82;82;82;82;82;82;82;82;82;82;82;82;82;82;82;82;82;82;82;82;82;82;82;82;82;82;82;82;82;82;82;82;82;82;82
831100PS;Brütten, Politische Gemeinde;BFS-Nr. / SGEM;213;213;213;213;213;213;213;213;213;213;213;213;213;213;213;213;213;213;213;213;213;213;213;213;213;213;213;;;;;;;;
860800PS;Bubikon, Politische Gemeinde;BFS-Nr. / SGEM;112;112;112;112;112;112;112;;;;;;;;;;;;;;;;;;;;;;;;;;;;
841400P;Buch a.I., Politische Gemeinde;BFS-Nr. / SGEM;24;24;24;24;24;24;24;24;24;24;24;24;24;24;24;24;24;24;24;24;24;24;24;24;24;24;24;24;24;24;24;24;24;24;24
810700PP;Buchs, Politische Gemeinde;BFS-Nr. / SGEM;83;83;83;83;83;83;83;83;;;;;;;;;;;;;;;;;;;;;;;;;;;
818000PP;Bülach, Stadt;BFS-Nr. / SGEM;53;53;53;53;53;53;53;53;53;53;53;53;53;53;53;53;53;53;53;53;53;53;53;53;53;53;53;53;53;53;53;53;53;53;53
844700P;Dachsen, Politische Gemeinde;BFS-Nr. / SGEM;25;25;25;25;25;25;25;25;25;25;25;25;25;25;25;25;25;25;25;25;25;25;25;25;25;25;25;25;25;25;25;25;25;25;25
847100P;Dägerlen, Politische Gemeinde;BFS-Nr. / SGEM;214;214;214;214;214;214;214;214;214;214;214;214;214;214;214;214;214;214;214;214;214;214;214;214;214;214;214;214;214;214;214;214;214;214;214
810800PP;Dällikon, Politische Gemeinde;BFS-Nr. / SGEM;84;84;84;84;84;84;84;84;84;84;84;84;84;84;84;84;84;84;84;84;84;84;84;84;;;;;;;;;;;
811400P;Dänikon, Politische Gemeinde;BFS-Nr. / SGEM;85;85;85;85;85;85;85;85;85;85;85;85;85;85;85;85;85;85;85;85;85;85;85;85;85;85;85;85;85;85;85;85;85;85;85
842100PS;Dättlikon, Politische Gemeinde;BFS-Nr. / SGEM;215;215;215;215;215;215;215;215;215;215;215;215;215;215;215;215;215;215;215;;;;;;;;;;;;;;;;
815700P;Dielsdorf, Politische Gemeinde;BFS-Nr. / SGEM;86;86;86;86;86;86;86;86;86;86;86;86;86;86;86;86;86;86;86;86;86;86;86;86;86;86;86;86;86;86;86;86;86;86;86
895300PS;Dietikon, Stadt;BFS-Nr. / SGEM;243;243;243;243;243;243;243;243;243;243;243;243;243;243;243;243;243;243;243;243;243;243;243;243;243;243;243;243;243;243;243;243;243;243;243
830500P;Dietlikon, Politische Gemeinde;BFS-Nr. / SGEM;54;54;54;54;54;54;54;54;54;54;54;54;54;54;54;54;54;54;;;;;;;54;54;54;54;54;54;54;54;54;54;54
847400PP;Dinhard, Politische Gemeinde;BFS-Nr. / SGEM;216;216;216;216;216;216;216;216;216;216;216;216;216;216;216;216;216;216;216;;;;;;;;;;;;;;;;
845800P;Dorf, Politische Gemeinde;BFS-Nr. / SGEM;26;26;26;26;26;26;26;26;26;26;26;26;26;26;26;26;26;26;26;26;26;26;26;26;26;26;26;26;26;26;26;26;26;26;26
860000PP;Dübendorf, Stadt;BFS-Nr. / SGEM;191;191;191;191;191;191;191;191;191;191;191;191;191;191;191;191;191;191;191;191;191;191;191;191;191;191;191;191;191;191;191;191;191;191;191
863500PS;Dürnten, Politische Gemeinde;BFS-Nr. / SGEM;113;113;113;113;113;113;113;113;113;113;113;113;113;113;113;113;113;113;113;113;113;113;113;;;;;;;;;;;;
813200PS;Egg, Politische Gemeinde;BFS-Nr. / SGEM;192;192;192;192;192;192;192;192;192;;;;;;;;;;;;;;;;;;;;;;;;;;
819300P;Eglisau, Politische Gemeinde;BFS-Nr. / SGEM;55;55;55;55;55;55;55;55;55;55;55;55;55;55;55;55;55;55;55;55;55;55;55;55;55;55;55;55;55;55;55;55;55;55;55
835301P;Elgg, Politische Gemeinde;BFS-Nr. / SGEM;294;294;294;294;294;294;294;;;;;;;;;;;;;;;;;;;;;;;;;;;;
854800P;Ellikon a.d.Th., Politische Gemeinde;BFS-Nr. / SGEM;218;218;218;218;218;218;218;218;218;218;218;218;218;218;218;218;218;218;218;218;218;218;218;218;218;218;218;218;218;218;218;218;218;218;218
835200P;Elsau, Politische Gemeinde;BFS-Nr. / SGEM;219;219;219;219;219;219;219;219;219;219;219;219;219;219;219;219;219;219;219;219;219;219;219;219;219;219;219;219;219;219;219;219;219;219;219
842400PP;Embrach, Politische Gemeinde;BFS-Nr. / SGEM;56;56;56;56;56;56;56;56;56;56;56;56;56;56;56;56;56;56;56;56;56;56;56;56;56;56;56;56;56;56;56;56;56;56;56
870300PS;Erlenbach, Politische Gemeinde;BFS-Nr. / SGEM;151;151;151;151;151;151;151;151;151;151;151;151;151;151;151;151;151;151;151;151;151;151;151;151;151;151;151;151;151;151;151;151;151;151;151
811700P;Fällanden, Politische Gemeinde;BFS-Nr. / SGEM;193;193;193;193;193;193;193;193;193;193;193;193;193;193;193;193;193;193;193;193;193;193;193;193;193;193;193;193;193;193;193;193;193;193;193
832000PS;Fehraltorf, Politische Gemeinde;BFS-Nr. / SGEM;172;172;172;172;172;172;172;172;172;172;172;172;172;172;172;172;172;172;;;;;;;;;;;;;;;;;
824500PS;Feuerthalen, Politische Gemeinde;BFS-Nr. / SGEM;27;27;27;27;27;27;27;27;27;;;;;;;;;;;;;;;;;;;;;;;;;;
849700PS;Fischenthal, Politische Gemeinde;BFS-Nr. / SGEM;114;114;114;114;114;114;114;114;114;114;114;;;;;;;;;;;;;;;;;;;;;;;;
841600P;Flaach, Politische Gemeinde;BFS-Nr. / SGEM;28;28;28;28;28;28;28;28;28;28;28;28;28;28;28;28;28;28;28;28;28;28;28;28;28;28;28;28;28;28;28;28;28;28;28
824700P;Flurlingen, Politische Gemeinde;BFS-Nr. / SGEM;29;29;29;29;29;29;29;29;29;29;29;29;29;29;29;29;29;29;29;29;29;29;29;29;29;29;29;29;29;29;29;29;29;29;29
842701P;Freienstein-Teufen, Politische Gemeinde;BFS-Nr. / SGEM;57;57;57;57;57;57;57;57;57;57;57;57;57;57;57;57;57;57;57;57;57;57;57;57;57;57;57;57;57;57;57;57;57;57;57
895400P;Geroldswil, Politische Gemeinde;BFS-Nr. / SGEM;244;244;244;244;244;244;244;244;244;244;244;244;244;244;244;244;244;244;244;244;244;244;244;244;244;244;244;244;244;244;244;244;244;244;244
819200PS;Glattfelden, Politische Gemeinde;BFS-Nr. / SGEM;58;58;58;58;58;58;58;58;58;58;;;;;;;;;;;;;;;;;;;;;;;;;
862500PS;Gossau, Politische Gemeinde;BFS-Nr. / SGEM;115;115;115;115;115;115;;;;;;;;;;;;;;;;;;;;;;;;;;;;;
860600PP;Greifensee, Politische Gemeinde;BFS-Nr. / SGEM;194;194;194;194;194;194;194;194;194;194;194;194;194;194;;;;;;;;;;;;;;;;;;;;;
862700P;Grüningen, Politische Gemeinde;BFS-Nr. / SGEM;116;116;116;116;116;116;116;116;116;116;116;116;116;116;116;116;116;116;116;116;116;116;116;116;116;116;116;116;116;116;116;116;116;116;116
852300PP;Hagenbuch, Politische Gemeinde;BFS-Nr. / SGEM;220;220;220;220;220;220;220;220;220;220;220;220;220;220;220;220;220;220;220;220;220;220;;;;;;;;;;;;;
891500PP;Hausen a.A., Politische Gemeinde;BFS-Nr. / SGEM;4;4;4;4;4;4;4;4;4;4;4;4;4;4;;;;;;;;;;;;;;;;;;;;;
890800PS;Hedingen, Politische Gemeinde;BFS-Nr. / SGEM;5;5;5;5;5;5;5;5;5;5;5;5;5;5;5;;;;;;;;;;;;;;;;;;;;
844400PP;Henggart, Politische Gemeinde;BFS-Nr. / SGEM;31;31;31;31;31;31;31;31;31;31;31;31;31;31;31;31;31;31;;;;;;;;;;;;;;;;;
870400PS;Herrliberg, Politische Gemeinde;BFS-Nr. / SGEM;152;152;152;152;152;152;152;152;152;152;152;152;152;152;152;152;152;152;;;;;;;;;;;;;;;;;
844200PP;Hettlingen, Politische Gemeinde;BFS-Nr. / SGEM;221;221;221;221;221;221;221;221;221;221;221;;;;;;;;;;;;;;;;;;;;;;;;
834000P;Hinwil, Politische Gemeinde;BFS-Nr. / SGEM;117;117;117;117;117;117;117;117;117;117;117;117;117;117;117;117;117;117;117;117;117;117;117;117;117;117;117;117;117;117;117;117;117;117;117
833500P;Hittnau, Politische Gemeinde;BFS-Nr. / SGEM;173;173;173;173;173;173;173;173;173;173;173;173;173;173;173;173;173;173;173;173;173;173;173;173;173;173;173;173;173;173;173;173;173;173;173
818200P;Hochfelden, Politische Gemeinde;BFS-Nr. / SGEM;59;59;59;59;59;59;59;59;59;59;59;59;59;59;59;59;59;59;59;59;59;59;59;59;59;59;59;59;59;59;59;59;59;59;59
863400PS;Hombrechtikon, Politische Gemeinde;BFS-Nr. / SGEM;153;153;153;153;153;153;153;153;153;153;153;153;153;153;153;;;;;;;;;;;;;;;;;;;;
881001PS;Horgen, Politische Gemeinde;BFS-Nr. / SGEM;295;295;295;295;295;295;295;;;;;;;;;;;;;;;;;;;;;;;;;;;;
818100P;Höri, Politische Gemeinde;BFS-Nr. / SGEM;60;60;60;60;60;60;60;60;60;60;60;60;60;60;60;60;60;60;60;60;60;60;60;60;60;60;60;60;60;60;60;60;60;60;60
845700P;Humlikon, Politische Gemeinde;BFS-Nr. / SGEM;32;32;32;32;32;32;32;32;32;32;32;32;32;32;32;32;32;32;32;32;32;32;32;32;32;32;32;32;32;32;32;32;32;32;32
819400P;Hüntwangen, Politische Gemeinde;BFS-Nr. / SGEM;61;61;61;61;61;61;61;61;61;61;61;61;61;61;61;61;61;61;61;61;61;61;61;61;61;61;61;61;61;61;61;61;61;61;61
811500P;Hüttikon, Politische Gemeinde;BFS-Nr. / SGEM;87;87;87;87;87;87;87;87;87;87;87;87;87;87;87;87;87;87;87;87;87;87;87;87;87;87;87;87;87;87;87;87;87;87;87
830801PS;Illnau-Effretikon, Stadt;BFS-Nr. / SGEM;296;296;296;296;296;296;296;296;296;;;;;;;;;;;;;;;;;;;;;;;;;;
892600PP;Kappel a.A., Politische Gemeinde;BFS-Nr. / SGEM;6;6;6;6;6;6;6;6;6;6;6;6;6;;;;;;;;;;;;;;;;;;;;;;
880200PS;Kilchberg, Politische Gemeinde;BFS-Nr. / SGEM;135;135;135;135;135;135;135;135;135;135;135;135;135;135;135;135;135;135;135;135;135;135;135;135;135;135;135;135;135;135;135;135;135;135;135
845100P;Kleinandelfingen, Politische Gemeinde;BFS-Nr. / SGEM;33;33;33;33;33;33;33;33;33;33;33;33;33;33;33;33;33;33;33;33;33;33;33;33;33;33;33;33;33;33;33;33;33;33;33
830200PS;Kloten, Stadt;BFS-Nr. / SGEM;62;62;62;62;62;62;62;62;62;62;62;62;62;62;62;62;62;62;62;62;62;62;62;62;62;62;62;62;62;62;62;62;62;62;62
893400PP;Knonau, Politische Gemeinde;BFS-Nr. / SGEM;7;7;7;7;7;7;7;7;7;7;7;;;;;;;;;;;;;;;;;;;;;;;;
870000PS;Küsnacht, Politische Gemeinde;BFS-Nr. / SGEM;154;154;154;154;154;154;;;;;;;;;;;;;;;;;;;;;;;;;;;;;
813500PS;Langnau a.A., Politische Gemeinde;BFS-Nr. / SGEM;136;136;136;136;136;136;136;136;136;136;136;136;136;136;136;136;136;136;136;136;136;136;136;136;136;136;136;136;136;136;136;136;136;136;136
824800P;Laufen-Uhwiesen, Politische Gemeinde;BFS-Nr. / SGEM;34;34;34;34;34;34;34;34;34;34;34;34;34;34;34;34;34;34;34;34;34;34;34;34;34;34;34;34;34;34;34;34;34;34;34
831500PS;Lindau, Politische Gemeinde;BFS-Nr. / SGEM;176;176;176;176;176;176;176;176;176;176;176;176;176;176;176;176;176;176;176;;;;;;;;;;;;;;;;
842600PP;Lufingen, Politische Gemeinde;BFS-Nr. / SGEM;63;63;63;63;63;63;63;63;63;63;63;63;63;63;63;63;63;63;63;63;63;63;63;63;63;63;63;63;63;63;63;63;63;63;63
870800PS;Männedorf, Politische Gemeinde;BFS-Nr. / SGEM;155;155;155;155;155;155;155;155;155;155;155;155;155;155;155;155;155;155;;;;;;;;;;;;;;;;;
846000P;Marthalen, Politische Gemeinde;BFS-Nr. / SGEM;35;35;35;35;35;35;35;35;35;35;35;35;35;35;35;35;35;35;35;35;35;35;35;35;35;35;35;35;35;35;35;35;35;35;35
893300P;Maschwanden, Politische Gemeinde;BFS-Nr. / SGEM;8;8;8;8;8;8;8;8;8;8;8;8;8;8;8;8;8;8;8;8;8;8;8;8;8;8;8;8;8;8;8;8;8;8;8
812400PS;Maur, Politische Gemeinde;BFS-Nr. / SGEM;195;195;195;195;195;195;195;195;195;195;195;195;195;195;195;;;;;;;;;;;;;;;;;;;;
870600PS;Meilen, Politische Gemeinde;BFS-Nr. / SGEM;156;156;156;156;156;156;156;156;156;156;156;156;156;156;156;;;;;;;;;;;;;;;;;;;;
893200PP;Mettmenstetten, Politische Gemeinde;BFS-Nr. / SGEM;9;9;9;9;9;9;;;;;;;;;;;;;;;;;;;;;;;;;;;;;
861700PS;Mönchaltorf, Politische Gemeinde;BFS-Nr. / SGEM;196;196;196;196;196;196;196;196;196;196;196;196;196;196;196;196;196;196;196;196;196;196;196;;;;;;;;;;;;
817300P;Neerach, Politische Gemeinde;BFS-Nr. / SGEM;88;88;88;88;88;88;88;88;88;88;88;88;88;88;88;88;88;88;88;88;88;88;88;88;88;88;88;88;88;88;88;88;88;88;88
841300PS;Neftenbach, Politische Gemeinde;BFS-Nr. / SGEM;223;223;223;223;223;223;223;223;223;223;223;223;223;223;223;223;223;223;223;223;223;223;;;;;;;;;;;;;
817200P;Niederglatt, Politische Gemeinde;BFS-Nr. / SGEM;89;89;89;89;89;89;89;89;89;89;89;89;89;89;89;89;89;89;89;89;89;89;89;89;89;89;89;89;89;89;89;89;89;89;89
815500PP;Niederhasli, Politische Gemeinde;BFS-Nr. / SGEM;90;90;90;90;90;90;90;90;90;90;90;90;90;90;90;90;90;90;;;;;;;;;;;;;;;;;
816600P;Niederweningen, Politische Gemeinde;BFS-Nr. / SGEM;91;91;91;91;91;91;91;91;91;91;91;91;91;91;91;;;;;;;;;;;91;91;91;91;91;91;91;91;91;91
830900PS;Nürensdorf, Politische Gemeinde;BFS-Nr. / SGEM;64;64;64;64;64;64;64;64;64;64;64;64;64;64;64;;;;;;;;;;;;;;;;;;;;
842500P;Oberembrach, Politische Gemeinde;BFS-Nr. / SGEM;65;65;65;65;65;65;65;65;65;65;65;65;65;65;65;65;65;65;65;65;65;65;65;65;65;65;65;65;65;65;65;65;65;65;65
810200PS;Oberengstringen, Politische Gemeinde;BFS-Nr. / SGEM;245;245;245;245;245;245;245;245;245;245;245;245;245;245;245;245;245;245;;;;;;;;;;;;;;;;;
815400PP;Oberglatt, Politische Gemeinde;BFS-Nr. / SGEM;92;92;92;92;92;92;92;92;92;92;92;;;;;;;;;;;;;;;;;;;;;;;;
894200PS;Oberrieden, Politische Gemeinde;BFS-Nr. / SGEM;137;137;137;137;137;137;137;137;137;137;137;137;137;137;137;;;;;;;;;;;;;;;;;;;;
816501P;Oberweningen, Politische Gemeinde;BFS-Nr. / SGEM;93;93;93;93;93;93;93;93;93;93;93;93;93;93;93;93;93;93;93;93;93;93;93;93;93;93;93;93;93;93;93;93;93;93;93
891200PP;Obfelden, Politische Gemeinde;BFS-Nr. / SGEM;10;10;10;10;10;10;;;;;;;;;;;;;;;;;;;;;;;;;;;;;
895500P;Oetwil a.d.L., Politische Gemeinde;BFS-Nr. / SGEM;246;246;246;246;246;246;246;246;246;246;246;246;246;246;246;246;246;246;246;246;246;246;246;246;246;246;246;246;246;246;246;246;246;246;246
861800PS;Oetwil am See, Politische Gemeinde;BFS-Nr. / SGEM;157;157;157;157;157;157;157;157;157;157;157;157;157;157;157;157;157;157;157;157;157;157;;;;;;;;;;;;;
815200PS;Opfikon, Stadt;BFS-Nr. / SGEM;66;66;66;66;66;66;66;66;66;66;66;66;66;66;66;66;66;66;66;66;66;66;66;66;66;66;66;66;66;66;66;66;66;66;66
847500P;Ossingen, Politische Gemeinde;BFS-Nr. / SGEM;37;37;37;37;37;37;37;37;37;37;37;37;37;37;37;37;37;37;37;37;37;37;37;37;37;37;37;37;37;37;37;37;37;37;37
811200PP;Otelfingen, Politische Gemeinde;BFS-Nr. / SGEM;94;94;94;94;94;94;94;94;94;94;94;94;94;94;94;94;94;94;94;94;94;94;94;94;94;94;94;94;94;94;;;;;
891300PP;Ottenbach, Politische Gemeinde;BFS-Nr. / SGEM;11;11;11;11;;;;;;;;;;;;;;;;;;;;;;;;;;;;;;;
891300P;Ottenbach, Politische Gemeinde (bis 2020);BFS-Nr. / SGEM;;;;;11;11;11;11;11;11;11;11;11;11;11;11;11;11;11;11;11;11;11;11;11;11;11;11;11;11;11;11;11;11;11
833000PS;Pfäffikon, Politische Gemeinde;BFS-Nr. / SGEM;177;177;177;177;177;177;177;177;177;177;177;177;177;177;177;177;177;177;177;177;177;177;177;;;;;;;;;;;;
842200PS;Pfungen, Politische Gemeinde;BFS-Nr. / SGEM;224;224;224;224;224;224;224;224;224;224;224;224;224;224;224;224;224;224;224;224;224;224;;;;;;;;;;;;;
819700PS;Rafz, Politische Gemeinde;BFS-Nr. / SGEM;67;67;67;67;67;67;67;67;67;67;67;67;67;67;67;67;67;67;67;67;67;67;67;;;;;;;;;;;;
815800P;Regensberg, Politische Gemeinde;BFS-Nr. / SGEM;95;95;95;95;95;95;95;95;95;95;95;95;95;95;95;95;95;95;95;95;95;95;95;95;95;95;95;95;95;95;95;95;95;95;95
810500PP;Regensdorf, Politische Gemeinde;BFS-Nr. / SGEM;96;96;96;96;96;96;96;;;;;;;;;;;;;;;;;;;;;;;;;;;;
846200PP;Rheinau, Politische Gemeinde;BFS-Nr. / SGEM;38;38;38;38;38;38;38;38;38;38;38;38;38;38;38;38;38;38;38;38;38;38;;;;;;;;;;;;;
880500PS;Richterswil, Politische Gemeinde;BFS-Nr. / SGEM;138;138;138;138;138;138;138;138;138;138;138;138;138;138;138;138;138;138;138;138;138;138;138;138;138;138;138;;;;;;;;
854500PP;Rickenbach, Politische Gemeinde;BFS-Nr. / SGEM;225;225;225;225;225;225;225;225;225;225;;;;;;;;;;;;;;;;;;;;;;;;;
891100PP;Rifferswil, Politische Gemeinde;BFS-Nr. / SGEM;12;12;12;12;12;12;12;12;12;12;12;12;12;12;12;12;12;12;12;12;12;12;12;12;12;12;12;12;12;12;12;12;12;12;12
842700P;Rorbas, Politische Gemeinde;BFS-Nr. / SGEM;68;68;68;68;68;68;68;68;68;68;68;68;68;68;68;68;68;68;68;68;68;68;68;68;68;68;68;68;68;68;68;68;68;68;68
815300P;Rümlang, Politische Gemeinde;BFS-Nr. / SGEM;97;97;97;97;97;97;97;97;97;97;97;97;97;97;97;97;97;97;97;97;97;97;97;97;97;97;97;97;97;97;97;97;97;97;97
880300PS;Rüschlikon, Politische Gemeinde;BFS-Nr. / SGEM;139;139;139;139;139;139;139;139;139;139;139;139;139;139;139;139;139;139;139;139;139;139;139;139;139;139;139;139;139;139;139;139;139;139;139
833200PS;Russikon, Politische Gemeinde;BFS-Nr. / SGEM;178;178;178;178;178;178;178;178;178;178;178;178;178;178;178;178;178;178;178;178;178;178;178;;;;;;;;;;;;
863000P;Rüti, Politische Gemeinde;BFS-Nr. / SGEM;118;118;118;118;118;118;118;118;118;118;118;118;118;118;118;118;118;118;118;118;118;118;118;118;118;118;118;118;118;118;118;118;118;118;118
841800P;Schlatt, Politische Gemeinde;BFS-Nr. / SGEM;226;226;226;226;226;226;226;226;226;226;226;226;226;226;226;226;226;226;226;226;226;226;226;226;226;226;226;226;226;226;226;226;226;226;226
816502P;Schleinikon, Politische Gemeinde;BFS-Nr. / SGEM;98;98;98;98;98;98;98;98;98;98;98;98;98;98;98;98;98;98;98;98;98;98;98;98;98;98;98;98;98;98;98;98;98;98;98
895200PS;Schlieren, Stadt;BFS-Nr. / SGEM;247;247;247;247;247;247;247;247;247;247;247;247;247;247;247;247;247;247;247;247;247;247;247;247;247;247;247;247;247;247;247;247;247;247;247
816500P;Schöfflisdorf, Politische Gemeinde;BFS-Nr. / SGEM;99;99;99;99;99;99;99;99;99;99;99;99;99;99;99;99;99;99;99;99;99;99;99;99;99;99;99;99;99;99;99;99;99;99;99
860300P;Schwerzenbach, Politische Gemeinde;BFS-Nr. / SGEM;197;197;197;197;197;197;197;197;197;197;197;197;197;197;197;197;197;197;197;197;197;197;197;197;197;197;197;197;197;197;197;197;197;197;197
860700PS;Seegräben, Politische Gemeinde;BFS-Nr. / SGEM;119;119;119;119;119;119;119;;;;;;;;;;;;;;;;;;;;;;;;;;;;
847200PP;Seuzach, Politische Gemeinde;BFS-Nr. / SGEM;227;227;227;227;227;227;227;227;227;227;227;227;227;227;227;227;227;227;227;227;227;227;227;;;;;;;;;;;;
817400P;Stadel, Politische Gemeinde;BFS-Nr. / SGEM;100;100;100;100;100;100;100;100;100;100;100;100;100;100;100;100;100;100;100;100;100;100;100;100;100;100;100;100;100;100;100;100;100;100;100
871200PS;Stäfa, Politische Gemeinde;BFS-Nr. / SGEM;158;158;158;158;158;158;158;158;158;158;;;;;;;;;;;;;;;;;;;;;;;;;
814300PP;Stallikon, Politische Gemeinde;BFS-Nr. / SGEM;13;13;13;13;13;13;13;13;13;13;13;13;13;13;13;13;13;13;13;13;13;13;13;13;13;13;13;;;;;;;;
847601PS;Stammheim, Politische Gemeinde;BFS-Nr. / SGEM;292;292;292;292;292;292;;;;;;;;;;;;;;;;;;;;;;;;;;;;;
816200PP;Steinmaur, Politische Gemeinde;BFS-Nr. / SGEM;101;101;101;101;101;;;;;;;;;;;;;;;;;;;;;;;;;;;;;;
816200P;Steinmaur, Politische Gemeinde (bis 2019);BFS-Nr. / SGEM;;;;;;101;101;101;101;101;101;101;101;101;101;101;101;101;101;101;101;101;101;101;101;101;101;101;101;101;101;101;101;101;101
847800PP;Thalheim a.d.Thur, Politische Gemeinde;BFS-Nr. / SGEM;39;39;39;39;39;39;39;39;39;39;39;39;39;39;39;39;39;39;39;;;;;;;;;;;;;;;;
880000PS;Thalwil, Politische Gemeinde;BFS-Nr. / SGEM;141;141;141;141;141;141;141;141;141;141;141;141;141;141;141;141;141;141;141;141;141;141;141;141;141;141;141;141;141;141;141;141;141;141;141
846600P;Trüllikon, Politische Gemeinde;BFS-Nr. / SGEM;40;40;40;40;40;40;40;40;40;40;40;40;40;40;40;40;40;40;40;40;40;40;40;40;40;40;40;40;40;40;40;40;40;40;40
846700P;Truttikon, Politische Gemeinde;BFS-Nr. / SGEM;41;41;41;41;41;41;41;41;41;41;41;41;41;41;41;41;41;41;41;41;41;41;41;41;41;41;41;41;41;41;41;41;41;41;41
848800P;Turbenthal, Politische Gemeinde;BFS-Nr. / SGEM;228;228;228;228;228;228;228;228;228;228;228;228;228;228;228;228;228;228;228;228;228;228;228;228;228;228;228;228;228;228;228;228;228;228;228
870700PS;Uetikon am See, Politische Gemeinde;BFS-Nr. / SGEM;159;159;159;159;159;159;159;159;159;159;159;159;159;159;159;159;159;159;159;159;159;159;;;;;;;;;;;;;
814200P;Uitikon, Politische Gemeinde;BFS-Nr. / SGEM;248;248;248;248;248;248;248;248;248;248;248;248;248;248;248;248;248;248;248;248;248;248;248;248;248;248;248;248;248;248;248;248;248;248;248
810300PP;Unterengstringen, Politische Gemeinde;BFS-Nr. / SGEM;249;249;249;249;249;249;249;;;;;;;;;;;;;;;;;;;;;;;;;;;;
890200P;Urdorf, Politische Gemeinde;BFS-Nr. / SGEM;250;250;250;250;250;250;250;250;250;250;250;250;250;250;250;250;250;250;250;250;250;250;250;250;250;250;250;250;250;250;250;250;250;250;250
861000PP;Uster, Stadt;BFS-Nr. / SGEM;198;198;198;198;198;198;198;198;198;198;198;198;198;198;198;198;198;198;198;198;198;198;198;198;198;198;198;198;198;198;198;198;198;198;198
845900P;Volken, Politische Gemeinde;BFS-Nr. / SGEM;43;43;43;43;43;43;43;43;43;43;43;43;43;43;43;43;43;43;43;43;43;43;43;43;43;43;43;43;43;43;43;43;43;43;43
860400P;Volketswil, Politische Gemeinde;BFS-Nr. / SGEM;199;199;199;199;199;199;199;199;199;199;199;199;199;199;199;199;199;199;199;199;199;199;199;199;199;199;199;199;199;199;199;199;199;199;199
882001PP;Wädenswil, Stadt;BFS-Nr. / SGEM;293;293;293;293;293;293;;;;;;;;;;;;;;;;;;;;;;;;;;;;;
863600PS;Wald, Politische Gemeinde;BFS-Nr. / SGEM;120;120;120;120;120;120;120;120;120;120;120;120;120;120;;;;;;;;;;;;;;;;;;;;;
830400P;Wallisellen, Politische Gemeinde;BFS-Nr. / SGEM;69;69;69;69;69;69;69;69;69;69;69;69;69;69;69;69;69;69;69;69;69;69;69;69;69;69;69;69;69;69;69;69;69;69;69
830600PS;Wangen-Brüttisellen, Politische Gemeinde;BFS-Nr. / SGEM;200;200;200;200;200;200;200;200;200;200;200;200;200;200;200;200;200;200;;;;;;;;;;;;;;;;;
819500P;Wasterkingen, Politische Gemeinde;BFS-Nr. / SGEM;70;70;70;70;70;70;70;70;70;70;70;70;70;70;70;70;70;70;70;70;70;70;70;70;70;70;70;70;70;70;70;70;70;70;70
818700P;Weiach, Politische Gemeinde;BFS-Nr. / SGEM;102;102;102;102;102;102;102;102;102;102;102;102;102;102;102;102;102;102;102;102;102;102;102;102;102;102;102;102;102;102;102;102;102;102;102
810400PP;Weiningen, Politische Gemeinde;BFS-Nr. / SGEM;251;251;251;251;251;251;251;251;251;251;251;251;251;251;251;251;251;251;;;;;;;;;;;;;;;;;
848400PS;Weisslingen, Politische Gemeinde;BFS-Nr. / SGEM;180;180;180;180;180;180;180;180;180;180;180;180;180;180;180;180;180;180;;;;;;;;;;;;;;;;;
890700P;Wettswil a.A., Politische Gemeinde;BFS-Nr. / SGEM;14;14;14;14;14;14;14;14;14;14;14;14;14;14;14;14;14;14;14;14;14;14;14;14;14;14;14;14;14;14;14;14;14;14;14
862000PS;Wetzikon, Stadt;BFS-Nr. / SGEM;121;121;121;121;121;121;121;;;;;;;;;;;;;;;;;;;;;;;;;;;;
854201P;Wiesendangen, Politische Gemeinde;BFS-Nr. / SGEM;298;298;298;298;298;298;298;298;298;298;298;;;;;;;;;;;;;;;;;;;;;;;;
819600P;Wil , Politische Gemeinde;BFS-Nr. / SGEM;71;71;71;71;71;71;71;71;71;71;71;71;71;71;71;71;71;71;71;71;71;71;71;71;71;71;71;71;71;71;71;71;71;71;71
849200P;Wila, Politische Gemeinde;BFS-Nr. / SGEM;181;181;181;181;181;181;181;181;181;181;181;181;181;181;181;181;181;181;181;181;181;181;181;181;181;181;181;181;181;181;181;181;181;181;181
848900PP;Wildberg, Politische Gemeinde;BFS-Nr. / SGEM;182;182;182;182;;;;;;;;;;;;;;;;;;;;;;;;;;;;;;;
848900P;Wildberg, Politische Gemeinde (bis 2020);BFS-Nr. / SGEM;;;;;182;182;182;182;182;182;182;182;182;182;182;182;182;182;182;182;182;182;182;182;182;182;182;182;182;182;182;182;182;182;182
818500P;Winkel, Politische Gemeinde;BFS-Nr. / SGEM;72;72;72;72;72;72;72;72;72;72;72;72;72;72;72;72;72;72;72;72;72;72;72;72;72;72;72;72;72;72;72;72;72;72;72
840000PS;Winterthur, Stadt;BFS-Nr. / SGEM;230;230;230;230;230;230;230;230;230;230;230;230;230;230;230;230;230;230;230;230;230;230;230;230;230;230;230;230;230;230;230;230;230;230;230
848702PS;Zell, Politische Gemeinde;BFS-Nr. / SGEM;231;231;231;231;231;231;231;231;231;231;231;231;231;231;231;231;231;231;231;231;231;231;;;;;;;;;;;;;
870200PS;Zollikon, Politische Gemeinde;BFS-Nr. / SGEM;161;161;161;161;161;161;161;161;161;161;161;161;161;161;161;161;161;161;161;161;161;161;161;161;161;161;161;161;161;161;161;161;161;161;161
812600PS;Zumikon, Politische Gemeinde;BFS-Nr. / SGEM;160;160;160;160;160;160;160;160;160;160;;;;;;;;;;;;;;;;;;;;;;;;;
800000PS;Zürich, Stadt;BFS-Nr. / SGEM;261;261;261;261;261;261;261;261;261;261;261;261;261;261;261;261;261;261;261;261;261;261;261;261;261;261;261;261;261;261;261;261;261;261;261
