GEFIS_EINHEIT;GEBIETS_NAME;INDIKATOR_NAME;2019;2018;2017;2016;2015;2014;2013;2012;2011;2010;2009;2008;2007;2006;2005;2004;2003;2002;2001;2000;1999;1998;1997;1996;1995;1994;1993;1992;1991;1990
845200P;Adlikon, Politische Gemeinde;Steuerertrag [Fr./Einw.];1619;1176;1390;1192;1642;1621;1755;1536;1446;1167;1170;1039;1125;1239;1045;956;903;952;842;831;807;661;771;690;721;623;741;578;597;589
813400PS;Adliswil, Stadt;Steuerertrag [Fr./Einw.];5841;4501;5365;4609;4163;3856;3829;3436;3845;3460;3479;3334;2696;2526;2714;2783;2997;3400;3860;3438;2936;2770;2823;2932;2546;2685;2665;2455;2283;2294
890400P;Aesch, Politische Gemeinde;Steuerertrag [Fr./Einw.];1097;1310;1263;1306;1268;1373;1675;1345;1541;1352;1227;1264;1437;1455;1235;2102;1917;2565;1793;1655;1629;1128;1485;1306;1235;1124;1064;1037;914;844
891400PP;Aeugst a.A., Politische Gemeinde;Steuerertrag [Fr./Einw.];;;;;;;;;;;;;;;;;;;;;;;;;;;;;;
891400P;Aeugst a.A., Politische Gemeinde (bis 2020);Steuerertrag [Fr./Einw.];1702;1477;1497;1593;1652;1534;1480;1441;1408;1559;1531;1391;1500;1210;1620;1405;1515;1407;1531;1486;1894;1366;1683;1712;1800;1545;1674;1439;1427;1438
891000PP;Affoltern a.A., Stadt;Steuerertrag [Fr./Einw.];2368;;;;;;;;;;;;;;;;;;;;;;;;;;;;;
847900PP;Altikon, Politische Gemeinde;Steuerertrag [Fr./Einw.];1838;1759;1668;1754;1823;1736;1573;1495;1455;1553;1495;1651;1318;1349;1357;1132;1178;1173;;;;;;;;;;;;
845000P;Andelfingen, Politische Gemeinde;Steuerertrag [Fr./Einw.];1989;1805;1796;1407;1384;1547;1512;1661;1315;1634;1579;1683;1671;1565;1762;1785;1357;1945;1901;2063;1768;1365;1424;1432;1517;1382;1161;1206;1083;1155
818400P;Bachenbülach, Politische Gemeinde;Steuerertrag [Fr./Einw.];1201;1142;1153;1233;1056;934;895;992;926;975;901;791;734;680;705;824;719;792;683;790;848;709;790;857;831;881;658;634;517;459
816400P;Bachs, Politische Gemeinde;Steuerertrag [Fr./Einw.];973;988;801;686;622;667;559;621;1213;914;1138;949;1085;1058;1223;1015;953;832;785;716;868;637;587;573;540;589;473;439;400;412
834400PS;Bäretswil, Politische Gemeinde;Steuerertrag [Fr./Einw.];2647;2430;2259;2334;2215;2272;2337;2197;2286;2172;2316;2128;2113;2121;2089;1934;2059;;;;;;;;;;;;;
830300PS;Bassersdorf, Politische Gemeinde;Steuerertrag [Fr./Einw.];3089;2828;2927;2953;2818;2632;2890;2933;2913;2732;2762;2726;2488;;;;;;;;;;;;;;;;;
849401PS;Bauma, Politische Gemeinde;Steuerertrag [Fr./Einw.];2453;2196;2213;2135;2104;;;;;;;;;;;;;;;;;;;;;;;;;
846300P;Benken, Politische Gemeinde;Steuerertrag [Fr./Einw.];1395;1153;1147;1159;978;948;1008;895;1047;971;893;902;892;845;904;811;667;669;767;767;681;536;539;598;626;688;712;654;641;743
841500P;Berg a.I., Politische Gemeinde;Steuerertrag [Fr./Einw.];2102;2856;2932;2625;1059;1139;1320;1253;1603;1508;1821;1480;1428;1216;1091;890;1135;1120;833;963;846;671;642;638;594;639;516;727;786;742
890300P;Birmensdorf, Politische Gemeinde;Steuerertrag [Fr./Einw.];1367;1255;1332;1288;1278;1203;1335;1526;1692;1649;1618;1434;1420;1390;1376;1437;1502;1730;1603;1498;1509;1362;1508;1481;1500;1584;1563;1403;1214;1049
890600PP;Bonstetten, Politische Gemeinde;Steuerertrag [Fr./Einw.];2655;2514;2458;2453;;;;;;;;;;;;;;;;;;;;;;;;;;
811300P;Boppelsen, Politische Gemeinde;Steuerertrag [Fr./Einw.];1254;1076;1054;1016;1088;1103;1012;1107;1072;985;945;1128;983;981;918;923;1177;884;947;969;1001;875;903;1092;1135;957;838;518;505;406
831100PS;Brütten, Politische Gemeinde;Steuerertrag [Fr./Einw.];3383;3547;3292;3379;2854;3067;3010;2680;3401;3635;3455;3177;3124;2960;3110;2775;2782;2928;2435;2693;2712;679;;;;;;;;
860800PS;Bubikon, Politische Gemeinde;Steuerertrag [Fr./Einw.];3213;3086;;;;;;;;;;;;;;;;;;;;;;;;;;;;
841400P;Buch a.I., Politische Gemeinde;Steuerertrag [Fr./Einw.];1086;1035;1092;1026;898;905;880;950;1045;921;868;881;996;796;710;635;694;866;647;729;749;569;638;713;769;776;657;633;620;621
810700PP;Buchs, Politische Gemeinde;Steuerertrag [Fr./Einw.];2096;2071;2101;;;;;;;;;;;;;;;;;;;;;;;;;;;
818000PP;Bülach, Stadt;Steuerertrag [Fr./Einw.];2384;2316;2432;2266;2300;2256;2339;2262;2506;2453;2583;2287;2134;2091;2103;2790;2284;2242;2155;2017;1991;2211;2375;2166;2156;2128;1968;1784;1506;1486
844700P;Dachsen, Politische Gemeinde;Steuerertrag [Fr./Einw.];1026;954;1008;965;959;965;851;927;935;971;967;825;762;727;709;701;826;878;1011;924;935;828;777;914;1183;1128;870;858;630;639
847100P;Dägerlen, Politische Gemeinde;Steuerertrag [Fr./Einw.];881;821;808;736;632;706;684;970;1051;992;1055;984;854;820;775;816;588;591;664;660;559;576;595;606;692;652;676;540;528;514
810800PP;Dällikon, Politische Gemeinde;Steuerertrag [Fr./Einw.];2497;2406;2273;2121;2218;2342;2590;2451;2759;2387;2450;2299;2015;2071;1823;1959;1887;1906;1537;;;;;;;;;;;
811400P;Dänikon, Politische Gemeinde;Steuerertrag [Fr./Einw.];861;879;1087;942;679;721;865;788;1186;1176;1049;1076;825;743;659;737;752;1102;915;919;767;630;607;565;568;540;450;438;417;496
842100PS;Dättlikon, Politische Gemeinde;Steuerertrag [Fr./Einw.];4164;4129;3358;3264;4177;2742;2862;2644;2607;2496;2221;2277;2421;1986;;;;;;;;;;;;;;;;
815700P;Dielsdorf, Politische Gemeinde;Steuerertrag [Fr./Einw.];1216;1325;1277;1142;1205;1139;1226;1151;1298;1203;1439;1101;1062;1045;1060;1081;1064;1079;1209;1443;1274;1051;994;1076;1074;1202;879;858;915;951
895300PS;Dietikon, Stadt;Steuerertrag [Fr./Einw.];2862;2904;2992;2851;2837;2814;2564;2797;2945;3099;3041;2927;2714;2649;2405;2916;2634;2919;2404;2468;2889;2355;2450;2467;2596;2302;2336;2167;2042;1995
830500P;Dietlikon, Politische Gemeinde;Steuerertrag [Fr./Einw.];1124;1434;1606;1446;1372;1498;1716;1603;1465;1463;1455;1501;1523;;;;;;;1662;1492;1354;1559;1722;1909;1866;1924;1592;1483;1436
847400PP;Dinhard, Politische Gemeinde;Steuerertrag [Fr./Einw.];1935;1731;1598;1745;1741;1626;1570;1769;2121;2000;2294;2156;2065;1825;;;;;;;;;;;;;;;;
845800P;Dorf, Politische Gemeinde;Steuerertrag [Fr./Einw.];1097;950;1040;1022;1107;717;1039;1126;1050;1021;1103;1130;901;803;1055;932;885;1124;877;846;873;682;676;722;672;623;660;612;588;641
860000PP;Dübendorf, Stadt;Steuerertrag [Fr./Einw.];2603;2749;3204;2810;3167;2724;2666;2741;2948;3045;2693;3035;2659;2483;2385;2643;2706;3143;2635;2864;2385;2239;2167;2428;2498;1904;1807;1948;1837;1808
863500PS;Dürnten, Politische Gemeinde;Steuerertrag [Fr./Einw.];2365;2398;2281;2287;2236;2100;2298;2223;2216;2288;2272;2109;2017;1887;1986;1950;2201;2384;;;;;;;;;;;;
813200PS;Egg, Politische Gemeinde;Steuerertrag [Fr./Einw.];3399;3363;3567;3491;;;;;;;;;;;;;;;;;;;;;;;;;;
819300P;Eglisau, Politische Gemeinde;Steuerertrag [Fr./Einw.];969;951;1049;1054;1023;991;1032;1036;1215;1139;1181;1157;1001;1004;993;911;861;1024;1028;964;1095;844;838;906;1009;919;836;736;712;665
835301P;Elgg, Politische Gemeinde;Steuerertrag [Fr./Einw.];1294;1277;;;;;;;;;;;;;;;;;;;;;;;;;;;;
854800P;Ellikon a.d.Th., Politische Gemeinde;Steuerertrag [Fr./Einw.];1073;1066;929;992;1006;1106;1314;1108;1256;1009;924;1131;947;898;835;794;889;784;576;802;577;563;506;535;503;442;479;439;415;455
835200P;Elsau, Politische Gemeinde;Steuerertrag [Fr./Einw.];1157;1106;1251;1236;1173;1460;1151;1168;1124;1132;1135;1015;896;888;859;787;817;853;829;806;797;651;695;739;724;724;694;674;597;611
842400PP;Embrach, Politische Gemeinde;Steuerertrag [Fr./Einw.];2339;2107;2131;2026;2137;2331;2036;2161;2383;2659;2495;2296;2115;2273;1910;1961;2732;1982;1994;1805;1829;1537;1636;1589;1810;1502;1502;1373;1115;1160
870300PS;Erlenbach, Politische Gemeinde;Steuerertrag [Fr./Einw.];8956;9688;8561;7999;8403;8813;9095;9122;8665;9124;10159;8352;6597;5122;4765;5465;5891;5746;6858;6440;5971;4844;4249;4542;4602;4640;4197;4387;3715;3828
811700P;Fällanden, Politische Gemeinde;Steuerertrag [Fr./Einw.];1427;1349;1391;1421;1527;1434;1423;1352;1503;1397;1567;1304;1327;1419;1145;1266;1137;1355;1140;1220;1087;856;847;1031;923;1046;853;877;893;721
832000PS;Fehraltorf, Politische Gemeinde;Steuerertrag [Fr./Einw.];3538;3948;3292;3488;3544;3161;3179;3183;3414;3148;3149;3378;3029;;;;;;;;;;;;;;;;;
824500PS;Feuerthalen, Politische Gemeinde;Steuerertrag [Fr./Einw.];3040;3014;2614;2684;;;;;;;;;;;;;;;;;;;;;;;;;;
849700PS;Fischenthal, Politische Gemeinde;Steuerertrag [Fr./Einw.];2115;2140;1975;1833;1697;1685;;;;;;;;;;;;;;;;;;;;;;;;
841600P;Flaach, Politische Gemeinde;Steuerertrag [Fr./Einw.];1016;883;939;981;932;880;1091;996;1054;1101;998;957;872;851;955;813;780;783;919;781;1055;804;755;751;739;828;789;837;850;834
824700P;Flurlingen, Politische Gemeinde;Steuerertrag [Fr./Einw.];1493;1418;1534;1341;1393;1322;1543;1611;1593;1432;1500;1299;1345;1161;1285;1189;1172;1367;1498;1401;1301;1170;1243;1334;1333;1306;1166;1085;1111;980
842701P;Freienstein-Teufen, Politische Gemeinde;Steuerertrag [Fr./Einw.];902;807;760;758;814;738;806;820;1115;991;1051;1077;930;961;850;727;705;817;846;689;707;559;556;518;536;490;536;471;466;547
895400P;Geroldswil, Politische Gemeinde;Steuerertrag [Fr./Einw.];1604;1408;1527;1544;1464;1503;1468;1637;1743;1589;1743;1514;1555;1520;1444;1167;1117;1114;1124;1337;1160;883;832;810;761;714;678;602;612;551
819200PS;Glattfelden, Politische Gemeinde;Steuerertrag [Fr./Einw.];2694;2711;2426;2418;2366;;;;;;;;;;;;;;;;;;;;;;;;;
862500PS;Gossau, Politische Gemeinde;Steuerertrag [Fr./Einw.];3052;;;;;;;;;;;;;;;;;;;;;;;;;;;;;
860600PP;Greifensee, Politische Gemeinde;Steuerertrag [Fr./Einw.];2943;2911;3092;2467;2876;3043;2964;2338;3255;;;;;;;;;;;;;;;;;;;;;
862700P;Grüningen, Politische Gemeinde;Steuerertrag [Fr./Einw.];1620;1316;1334;1563;1175;1368;1543;1539;1425;1288;1246;1379;1236;1182;987;970;985;1030;993;1011;984;796;889;889;848;833;849;630;613;560
852300PP;Hagenbuch, Politische Gemeinde;Steuerertrag [Fr./Einw.];1928;1810;1701;1646;1626;1336;1591;1575;1669;1460;1294;1510;1441;1256;1370;1254;1277;;;;;;;;;;;;;
891500PP;Hausen a.A., Politische Gemeinde;Steuerertrag [Fr./Einw.];2687;2864;2527;2483;2424;2204;2131;2362;2294;;;;;;;;;;;;;;;;;;;;;
890800PS;Hedingen, Politische Gemeinde;Steuerertrag [Fr./Einw.];3413;3130;3372;3231;2802;2547;3001;3442;3170;3710;;;;;;;;;;;;;;;;;;;;
844400PP;Henggart, Politische Gemeinde;Steuerertrag [Fr./Einw.];2176;1934;1895;2043;1880;1879;1884;1942;2057;2038;1941;2120;1783;;;;;;;;;;;;;;;;;
870400PS;Herrliberg, Politische Gemeinde;Steuerertrag [Fr./Einw.];8366;8201;8306;7795;7309;7353;6819;7404;7482;7689;8749;8045;8084;;;;;;;;;;;;;;;;;
844200PP;Hettlingen, Politische Gemeinde;Steuerertrag [Fr./Einw.];2745;2685;2907;2591;2532;2368;;;;;;;;;;;;;;;;;;;;;;;;
834000P;Hinwil, Politische Gemeinde;Steuerertrag [Fr./Einw.];1362;1233;1326;1378;1398;1326;1148;1227;1220;1138;1174;1190;1121;923;873;882;950;876;996;955;955;728;797;758;827;883;870;693;672;534
833500P;Hittnau, Politische Gemeinde;Steuerertrag [Fr./Einw.];1167;1141;1018;945;890;973;1013;1062;1219;1033;1127;877;887;835;855;814;764;845;840;810;741;657;611;593;655;598;525;555;527;500
818200P;Hochfelden, Politische Gemeinde;Steuerertrag [Fr./Einw.];1066;1095;1123;1132;975;987;1003;957;1123;1186;997;1047;924;804;869;901;913;994;960;898;791;678;711;661;642;638;617;702;532;462
863400PS;Hombrechtikon, Politische Gemeinde;Steuerertrag [Fr./Einw.];3133;3035;2335;3374;3568;3571;3625;3460;4148;3666;;;;;;;;;;;;;;;;;;;;
881001PS;Horgen, Politische Gemeinde;Steuerertrag [Fr./Einw.];5349;4772;;;;;;;;;;;;;;;;;;;;;;;;;;;;
818100P;Höri, Politische Gemeinde;Steuerertrag [Fr./Einw.];998;973;992;898;926;922;947;813;872;844;836;742;715;713;806;796;825;818;748;714;742;594;683;735;766;659;572;542;482;493
845700P;Humlikon, Politische Gemeinde;Steuerertrag [Fr./Einw.];1404;1193;1368;1249;1237;1160;1252;1316;1171;1158;1136;1068;925;835;1032;997;791;835;976;866;911;691;923;1022;1225;1148;1054;1004;836;751
819400P;Hüntwangen, Politische Gemeinde;Steuerertrag [Fr./Einw.];903;1041;1119;927;815;844;879;974;1050;1135;964;732;741;725;925;999;998;865;1250;869;827;396;904;953;1107;611;630;650;512;723
811500P;Hüttikon, Politische Gemeinde;Steuerertrag [Fr./Einw.];1187;1107;1024;1083;1005;1264;1144;1588;1468;1360;1510;1415;1212;1259;1034;1176;1114;1296;1003;1107;937;775;805;748;782;571;605;571;580;631
830801PS;Illnau-Effretikon, Stadt;Steuerertrag [Fr./Einw.];2717;2689;2811;2854;;;;;;;;;;;;;;;;;;;;;;;;;;
892600PP;Kappel a.A., Politische Gemeinde;Steuerertrag [Fr./Einw.];2003;2486;2563;1912;2387;2913;2374;2620;;;;;;;;;;;;;;;;;;;;;;
880200PS;Kilchberg, Politische Gemeinde;Steuerertrag [Fr./Einw.];8896;8194;8630;8221;6410;7818;9506;10256;8049;7168;6634;7340;6544;6362;5964;5480;5227;6084;6301;5680;5348;4830;4462;4938;4870;4809;4963;4419;4086;4239
845100P;Kleinandelfingen, Politische Gemeinde;Steuerertrag [Fr./Einw.];1380;1203;1247;1217;1144;1055;1139;1170;1161;1101;1040;1057;868;688;741;703;736;933;936;797;800;662;721;700;734;792;622;663;694;690
830200PS;Kloten, Stadt;Steuerertrag [Fr./Einw.];6392;6838;6650;4928;6771;5538;4076;4661;5279;4982;4079;3713;3699;3462;3016;3134;2663;3390;4087;4051;3959;3708;2815;2802;2892;2677;2624;2548;2258;2282
893400PP;Knonau, Politische Gemeinde;Steuerertrag [Fr./Einw.];2159;1874;2038;1982;1931;1980;;;;;;;;;;;;;;;;;;;;;;;;
870000PS;Küsnacht, Politische Gemeinde;Steuerertrag [Fr./Einw.];10845;;;;;;;;;;;;;;;;;;;;;;;;;;;;;
813500PS;Langnau a.A., Politische Gemeinde;Steuerertrag [Fr./Einw.];3565;3490;3445;3168;3270;3048;3397;3138;3353;3739;3424;3116;3247;2781;2712;2857;2800;3202;3187;2835;2575;2122;2237;2328;2352;2353;2618;2291;2192;2145
824800P;Laufen-Uhwiesen, Politische Gemeinde;Steuerertrag [Fr./Einw.];2423;1738;1663;1863;1909;1819;1745;1566;1575;1727;1527;1537;1453;1191;1173;1131;1091;1300;1150;960;1018;934;1002;876;1046;983;836;687;671;663
831500PS;Lindau, Politische Gemeinde;Steuerertrag [Fr./Einw.];3462;3296;3404;3384;3312;3138;3074;3422;3098;3067;3215;3168;2874;2325;;;;;;;;;;;;;;;;
842600PP;Lufingen, Politische Gemeinde;Steuerertrag [Fr./Einw.];2349;2281;2270;1841;1944;1930;1976;1706;1834;1808;1813;2025;1753;1617;1908;1502;1722;1950;1906;2397;2017;1825;1834;2131;2376;2209;2272;1814;1702;783
870800PS;Männedorf, Politische Gemeinde;Steuerertrag [Fr./Einw.];4020;4425;4572;4424;3875;3878;3846;3504;3452;3397;3637;3654;3723;;;;;;;;;;;;;;;;;
846000P;Marthalen, Politische Gemeinde;Steuerertrag [Fr./Einw.];1292;1236;1266;1092;1094;1064;1054;1046;1222;1039;1051;1045;1078;985;946;887;940;1013;952;920;860;710;669;739;753;620;596;502;464;570
893300P;Maschwanden, Politische Gemeinde;Steuerertrag [Fr./Einw.];948;952;967;944;958;1013;946;901;916;1001;671;824;747;503;426;466;521;510;532;447;553;411;419;433;431;413;389;408;383;348
812400PS;Maur, Politische Gemeinde;Steuerertrag [Fr./Einw.];4377;4081;4202;3946;3945;4260;4424;4125;4391;4054;;;;;;;;;;;;;;;;;;;;
870600PS;Meilen, Politische Gemeinde;Steuerertrag [Fr./Einw.];6414;6042;6543;5360;5455;5382;5288;5161;5310;5060;;;;;;;;;;;;;;;;;;;;
893200PP;Mettmenstetten, Politische Gemeinde;Steuerertrag [Fr./Einw.];2394;;;;;;;;;;;;;;;;;;;;;;;;;;;;;
861700PS;Mönchaltorf, Politische Gemeinde;Steuerertrag [Fr./Einw.];2741;2559;2796;2833;2530;2524;2881;3036;3358;2709;2681;2619;2553;2590;2650;2591;2504;2887;;;;;;;;;;;;
817300P;Neerach, Politische Gemeinde;Steuerertrag [Fr./Einw.];1254;1405;1185;1398;1177;1202;1206;1283;1216;1067;1117;1150;987;929;873;683;581;859;708;588;591;414;464;350;469;453;443;372;277;350
841300PS;Neftenbach, Politische Gemeinde;Steuerertrag [Fr./Einw.];3480;3323;3455;3110;2957;2715;2641;2732;2540;2744;2512;2746;2846;2394;2425;2563;2290;;;;;;;;;;;;;
817200P;Niederglatt, Politische Gemeinde;Steuerertrag [Fr./Einw.];926;877;869;874;829;764;814;815;861;754;668;657;672;595;604;526;459;459;544;695;852;660;717;735;677;635;578;478;475;445
815500PP;Niederhasli, Politische Gemeinde;Steuerertrag [Fr./Einw.];2113;2016;1807;1851;1734;1815;1738;1795;1917;1996;2076;1877;1790;;;;;;;;;;;;;;;;;
816600P;Niederweningen, Politische Gemeinde;Steuerertrag [Fr./Einw.];1271;1334;1154;1158;1254;1606;1322;1099;1401;1652;;;;;;;;;;;893;640;697;814;885;809;786;689;689;664
830900PS;Nürensdorf, Politische Gemeinde;Steuerertrag [Fr./Einw.];3493;3396;3274;3344;3275;3151;3716;3548;3210;3492;;;;;;;;;;;;;;;;;;;;
842500P;Oberembrach, Politische Gemeinde;Steuerertrag [Fr./Einw.];1305;1330;1377;1271;1243;1248;1138;1240;1202;1199;1240;1198;1085;1029;1082;959;877;918;928;856;752;700;629;621;669;614;584;498;507;486
810200PS;Oberengstringen, Politische Gemeinde;Steuerertrag [Fr./Einw.];3288;2830;3009;3194;2825;2726;2692;2696;2872;2920;2930;2785;2747;;;;;;;;;;;;;;;;;
815400PP;Oberglatt, Politische Gemeinde;Steuerertrag [Fr./Einw.];1848;1896;1884;2235;1993;1615;;;;;;;;;;;;;;;;;;;;;;;;
894200PS;Oberrieden, Politische Gemeinde;Steuerertrag [Fr./Einw.];4676;4360;4693;4086;3539;5790;5124;4698;6633;6388;;;;;;;;;;;;;;;;;;;;
816501P;Oberweningen, Politische Gemeinde;Steuerertrag [Fr./Einw.];1014;1138;1160;1110;1055;956;1031;1206;1220;1092;1757;1182;1045;897;786;926;836;787;1211;822;701;552;548;564;588;486;515;570;637;671
891200PP;Obfelden, Politische Gemeinde;Steuerertrag [Fr./Einw.];2085;;;;;;;;;;;;;;;;;;;;;;;;;;;;;
895500P;Oetwil a.d.L., Politische Gemeinde;Steuerertrag [Fr./Einw.];1612;1487;1531;1442;1584;1443;1414;1540;1542;1558;1170;1406;1645;1290;1494;1245;1391;1504;1402;1197;1402;1115;1087;1271;996;981;844;865;840;744
861800PS;Oetwil am See, Politische Gemeinde;Steuerertrag [Fr./Einw.];2877;2734;2698;2719;2696;2907;2972;2724;2741;2610;2839;2549;2451;2238;2373;2391;2242;;;;;;;;;;;;;
815200PS;Opfikon, Stadt;Steuerertrag [Fr./Einw.];4477;4235;4529;4588;4839;3511;3916;4078;3836;4158;3973;4514;5168;4162;6039;4463;3753;5022;4304;5038;4003;4171;3858;3549;3353;2987;3097;2507;2643;2349
847500P;Ossingen, Politische Gemeinde;Steuerertrag [Fr./Einw.];943;869;940;1065;864;553;456;266;913;845;882;784;756;752;842;693;756;783;740;765;753;643;699;760;665;660;515;438;463;527
811200PP;Otelfingen, Politische Gemeinde;Steuerertrag [Fr./Einw.];2599;2731;2459;2355;2716;2660;2639;2744;2735;3208;2359;2752;2832;2286;2366;2412;2740;2402;2073;2189;2195;1984;1820;2040;1880;;;;;
891300PP;Ottenbach, Politische Gemeinde;Steuerertrag [Fr./Einw.];;;;;;;;;;;;;;;;;;;;;;;;;;;;;;
891300P;Ottenbach, Politische Gemeinde (bis 2020);Steuerertrag [Fr./Einw.];1185;1211;1212;1133;1060;1077;1086;1092;1166;1102;1123;1194;989;1008;934;922;820;676;692;604;619;607;661;649;615;489;451;427;385;428
833000PS;Pfäffikon, Politische Gemeinde;Steuerertrag [Fr./Einw.];3393;3138;2869;2851;2705;2763;2726;2715;2852;2577;2877;2877;2505;2430;2347;2333;2241;2405;;;;;;;;;;;;
842200PS;Pfungen, Politische Gemeinde;Steuerertrag [Fr./Einw.];2398;2474;2316;2317;2446;2304;2295;2354;2253;2063;2443;2516;2508;2546;2139;2133;2042;;;;;;;;;;;;;
819700PS;Rafz, Politische Gemeinde;Steuerertrag [Fr./Einw.];2797;2597;2747;2601;2399;2416;2496;2604;2644;2648;2601;2319;2357;2165;2189;2274;2074;2289;;;;;;;;;;;;
815800P;Regensberg, Politische Gemeinde;Steuerertrag [Fr./Einw.];1370;1240;1194;1041;1074;971;1167;1195;1282;1443;1337;1384;1529;1544;1649;1563;1635;1689;1500;1445;1483;1271;1234;1376;1344;1040;1301;1019;917;1026
810500PP;Regensdorf, Politische Gemeinde;Steuerertrag [Fr./Einw.];2511;2471;;;;;;;;;;;;;;;;;;;;;;;;;;;;
846200PP;Rheinau, Politische Gemeinde;Steuerertrag [Fr./Einw.];2264;2199;2418;2465;2225;2087;1976;1920;2187;2171;2081;1890;1804;1939;1911;1956;1875;;;;;;;;;;;;;
880500PS;Richterswil, Politische Gemeinde;Steuerertrag [Fr./Einw.];3234;3197;3338;3129;3176;2985;3295;2884;3143;2852;3368;2846;2613;2648;2862;2546;2608;2756;2526;2666;2599;872;;;;;;;;
854500PP;Rickenbach, Politische Gemeinde;Steuerertrag [Fr./Einw.];1848;1764;1745;1746;1754;;;;;;;;;;;;;;;;;;;;;;;;;
891100PP;Rifferswil, Politische Gemeinde;Steuerertrag [Fr./Einw.];2866;2887;2906;2546;2154;2250;1936;2137;1918;2330;2024;1898;1689;2014;1781;1736;1732;1958;1493;1936;1666;1415;1341;1313;1506;1493;1269;1233;1032;1044
842700P;Rorbas, Politische Gemeinde;Steuerertrag [Fr./Einw.];648;638;730;651;678;685;701;790;878;801;915;835;736;783;734;675;726;683;733;712;655;522;530;568;510;479;500;462;483;565
815300P;Rümlang, Politische Gemeinde;Steuerertrag [Fr./Einw.];1409;1297;1314;1507;1480;1295;1292;1390;1438;1451;1328;1303;1277;1120;1191;1205;1294;1244;1253;1151;1194;1082;967;1151;996;967;950;1025;833;861
880300PS;Rüschlikon, Politische Gemeinde;Steuerertrag [Fr./Einw.];13074;11826;11657;8361;7875;7714;8794;8740;38306;9610;11691;14510;7639;8494;6771;7256;5743;5286;5649;5476;5556;4412;4515;4707;5172;4545;4557;3747;3950;4175
833200PS;Russikon, Politische Gemeinde;Steuerertrag [Fr./Einw.];3360;3106;3151;2952;2942;2932;2934;3087;3331;3224;3295;3165;3200;2957;2750;2620;2783;3117;;;;;;;;;;;;
863000P;Rüti, Politische Gemeinde;Steuerertrag [Fr./Einw.];1137;1175;1145;1175;1094;1129;1098;1173;1112;1052;1021;947;854;833;842;829;849;904;811;820;722;596;651;672;661;638;664;605;602;609
841800P;Schlatt, Politische Gemeinde;Steuerertrag [Fr./Einw.];1010;908;686;705;803;783;769;825;740;731;751;734;668;648;693;605;629;591;623;601;544;504;488;531;520;481;443;362;409;333
816502P;Schleinikon, Politische Gemeinde;Steuerertrag [Fr./Einw.];1131;1065;1001;1064;1270;1231;1285;1314;1273;1137;855;871;764;824;810;808;823;813;786;754;676;602;657;683;724;767;756;683;651;697
895200PS;Schlieren, Stadt;Steuerertrag [Fr./Einw.];3406;3734;3268;4299;3162;3220;2948;2900;2993;2796;2809;3881;3183;2804;3033;3186;3490;3347;3301;2769;2725;2530;2705;2676;2723;2587;2508;2431;1950;2112
816500P;Schöfflisdorf, Politische Gemeinde;Steuerertrag [Fr./Einw.];1193;1200;1209;1164;975;983;1071;1195;1374;1229;1312;1130;1002;898;966;853;861;761;1113;945;835;748;736;816;734;689;754;774;792;800
860300P;Schwerzenbach, Politische Gemeinde;Steuerertrag [Fr./Einw.];1328;1388;1425;1350;1202;1114;1208;1150;1174;1223;1105;1133;1154;1219;1121;1178;1154;1070;872;1167;1207;1020;1020;888;1216;1105;965;1004;841;802
860700PS;Seegräben, Politische Gemeinde;Steuerertrag [Fr./Einw.];2918;3214;;;;;;;;;;;;;;;;;;;;;;;;;;;;
847200PP;Seuzach, Politische Gemeinde;Steuerertrag [Fr./Einw.];2690;2811;2530;2201;2177;2353;2251;2275;2490;2329;2366;2189;2056;1935;1994;1927;1851;2055;;;;;;;;;;;;
817400P;Stadel, Politische Gemeinde;Steuerertrag [Fr./Einw.];963;976;1139;957;970;958;1109;1007;1132;1099;1047;1052;1008;914;953;822;914;935;867;749;778;690;683;720;692;567;570;665;574;610
871200PS;Stäfa, Politische Gemeinde;Steuerertrag [Fr./Einw.];4387;4626;4225;3661;4112;;;;;;;;;;;;;;;;;;;;;;;;;
814300PP;Stallikon, Politische Gemeinde;Steuerertrag [Fr./Einw.];3131;3187;2895;2567;2494;2544;2447;2413;2550;2774;2846;2924;2574;2518;2606;2548;2578;2625;2431;2464;2392;2049;;;;;;;;
847601PS;Stammheim, Politische Gemeinde;Steuerertrag [Fr./Einw.];2855;;;;;;;;;;;;;;;;;;;;;;;;;;;;;
816200PP;Steinmaur, Politische Gemeinde;Steuerertrag [Fr./Einw.];;;;;;;;;;;;;;;;;;;;;;;;;;;;;;
816200P;Steinmaur, Politische Gemeinde (bis 2019);Steuerertrag [Fr./Einw.];1016;1017;1022;1003;978;1017;1000;1102;1177;1067;1058;1172;1069;962;937;947;868;1004;983;862;859;704;683;598;603;529;558;459;485;502
847800PP;Thalheim a.d.Thur, Politische Gemeinde;Steuerertrag [Fr./Einw.];2149;2231;2183;2266;2001;1760;2140;1703;1921;2048;1754;1580;1657;1466;;;;;;;;;;;;;;;;
880000PS;Thalwil, Politische Gemeinde;Steuerertrag [Fr./Einw.];4514;4324;4257;3966;3520;3634;4004;3830;4113;3644;3956;3818;3359;2902;2976;2743;2966;2815;2605;3075;2722;2332;2561;2432;2570;2346;2451;2301;2188;2146
846600P;Trüllikon, Politische Gemeinde;Steuerertrag [Fr./Einw.];968;960;908;867;833;811;729;718;946;898;885;843;765;767;750;763;737;739;745;673;606;489;559;607;583;526;520;436;465;558
846700P;Truttikon, Politische Gemeinde;Steuerertrag [Fr./Einw.];1021;826;949;822;660;633;587;378;801;680;669;684;674;646;661;609;576;504;498;424;382;336;425;424;455;452;293;313;359;520
848800P;Turbenthal, Politische Gemeinde;Steuerertrag [Fr./Einw.];834;790;875;786;814;732;754;788;808;917;1058;754;831;790;760;591;321;423;426;337;273;203;273;151;266;411;403;459;542;532
870700PS;Uetikon am See, Politische Gemeinde;Steuerertrag [Fr./Einw.];4802;4568;4638;4491;4777;4679;4638;4579;4677;4969;4192;4051;3659;3475;3557;3720;3056;;;;;;;;;;;;;
814200P;Uitikon, Politische Gemeinde;Steuerertrag [Fr./Einw.];3027;3455;3241;3076;3253;3575;4253;3990;5017;5979;5866;5608;5656;4783;3954;3774;4551;5258;5067;5032;4515;4044;4323;4438;4471;4869;4030;3218;3472;2944
810300PP;Unterengstringen, Politische Gemeinde;Steuerertrag [Fr./Einw.];3177;3268;;;;;;;;;;;;;;;;;;;;;;;;;;;;
890200P;Urdorf, Politische Gemeinde;Steuerertrag [Fr./Einw.];1694;1757;2032;1802;1864;1794;1895;2073;1973;1968;1869;1920;1638;1468;1592;1467;1529;1845;1685;1621;1571;1393;1281;1227;1290;1106;993;779;854;811
861000PP;Uster, Stadt;Steuerertrag [Fr./Einw.];2670;2554;2603;2586;2503;2520;2646;2501;2789;2496;2602;2600;2346;2371;2256;2168;2209;2363;2064;2100;2056;1744;1791;1859;1912;1881;1781;1593;1460;1402
845900P;Volken, Politische Gemeinde;Steuerertrag [Fr./Einw.];1122;1465;1323;1412;1071;936;703;827;911;936;747;774;976;775;772;654;744;800;693;548;765;576;866;727;587;565;517;425;416;501
860400P;Volketswil, Politische Gemeinde;Steuerertrag [Fr./Einw.];1208;1122;1107;1117;945;970;912;964;959;1061;969;969;945;969;892;954;968;1128;1045;1100;1089;849;841;926;997;945;959;724;674;563
882001PP;Wädenswil, Stadt;Steuerertrag [Fr./Einw.];2927;;;;;;;;;;;;;;;;;;;;;;;;;;;;;
863600PS;Wald, Politische Gemeinde;Steuerertrag [Fr./Einw.];2236;2267;2192;2070;2093;2014;2050;2040;2115;;;;;;;;;;;;;;;;;;;;;
830400P;Wallisellen, Politische Gemeinde;Steuerertrag [Fr./Einw.];2382;2895;2805;2963;2848;3199;2391;2232;2449;1846;2663;2578;2412;2184;1925;2300;2340;3193;3079;3145;2679;2022;1965;1814;1796;1688;1768;1641;2156;2152
830600PS;Wangen-Brüttisellen, Politische Gemeinde;Steuerertrag [Fr./Einw.];3629;3668;3704;3135;3237;3423;3552;3243;3523;2935;2978;3277;3267;;;;;;;;;;;;;;;;;
819500P;Wasterkingen, Politische Gemeinde;Steuerertrag [Fr./Einw.];1032;922;915;844;772;840;777;695;928;908;840;804;762;764;793;748;636;800;650;548;584;481;467;492;536;593;655;514;503;508
818700P;Weiach, Politische Gemeinde;Steuerertrag [Fr./Einw.];475;313;501;674;648;829;815;817;825;656;592;487;520;439;512;492;433;423;455;319;299;253;336;353;327;437;433;488;466;491
810400PP;Weiningen, Politische Gemeinde;Steuerertrag [Fr./Einw.];2713;2430;2385;2174;2060;2277;2346;2420;2533;2423;2381;2283;2088;;;;;;;;;;;;;;;;;
848400PS;Weisslingen, Politische Gemeinde;Steuerertrag [Fr./Einw.];3039;2983;2861;2756;2854;2741;2886;2755;3106;2888;2994;2718;2749;;;;;;;;;;;;;;;;;
890700P;Wettswil a.A., Politische Gemeinde;Steuerertrag [Fr./Einw.];1323;1309;1355;1275;1190;1142;1185;1338;1310;1407;1329;1248;1252;1089;1150;943;999;969;1018;938;972;859;821;897;913;784;678;591;536;573
862000PS;Wetzikon, Stadt;Steuerertrag [Fr./Einw.];2641;2181;;;;;;;;;;;;;;;;;;;;;;;;;;;;
854201P;Wiesendangen, Politische Gemeinde;Steuerertrag [Fr./Einw.];713;705;713;719;688;662;;;;;;;;;;;;;;;;;;;;;;;;
819600P;Wil , Politische Gemeinde;Steuerertrag [Fr./Einw.];1237;1202;1310;1178;1058;1048;1235;1150;1073;974;973;1090;1113;1013;883;919;1058;995;935;863;826;643;780;868;888;809;567;654;874;934
849200P;Wila, Politische Gemeinde;Steuerertrag [Fr./Einw.];1281;1220;1057;967;1008;1190;712;627;1254;1190;1170;970;1001;773;756;659;707;824;687;628;665;570;492;470;494;445;451;435;495;444
848900PP;Wildberg, Politische Gemeinde;Steuerertrag [Fr./Einw.];;;;;;;;;;;;;;;;;;;;;;;;;;;;;;
848900P;Wildberg, Politische Gemeinde (bis 2020);Steuerertrag [Fr./Einw.];689;883;1161;875;795;805;823;925;1068;1144;1192;806;815;768;916;752;859;768;806;737;675;549;567;586;662;652;624;600;571;578
818500P;Winkel, Politische Gemeinde;Steuerertrag [Fr./Einw.];1460;1284;1368;1381;1215;1124;1047;1160;1097;997;1028;947;906;882;842;799;884;922;855;858;796;709;663;641;728;718;664;731;587;583
840000PS;Winterthur, Stadt;Steuerertrag [Fr./Einw.];3419;3433;3417;3542;3402;3440;3410;3479;3454;3313;3207;3105;2938;2735;2939;2689;2814;2634;2956;2922;2771;2650;2476;2473;2489;2380;2219;2061;1875;2002
848702PS;Zell, Politische Gemeinde;Steuerertrag [Fr./Einw.];2183;2206;2260;2086;2051;2022;2063;2178;2277;2159;2035;1893;1784;1666;1730;1738;1745;;;;;;;;;;;;;
870200PS;Zollikon, Politische Gemeinde;Steuerertrag [Fr./Einw.];9744;8566;8605;8268;8395;8089;7893;7895;7695;7353;8414;9077;7759;6114;6059;5670;6418;6968;6653;7226;6545;6155;5428;5490;5621;5683;5869;5920;5505;5218
812600PS;Zumikon, Politische Gemeinde;Steuerertrag [Fr./Einw.];10053;10145;10115;9685;9965;;;;;;;;;;;;;;;;;;;;;;;;;
800000PS;Zürich, Stadt;Steuerertrag [Fr./Einw.];6363;6508;6113;6704;6067;5915;5812;5839;5951;5888;5938;5463;6271;5845;5321;5375;5736;6403;5978;5517;5032;4368;4093;4300;4269;4500;4060;3771;3380;3602
